m,n,k,reference_time_ms,best_time_ms,registered_time_ms,speedup_best,speedup_registered
95600,2048,1408,0.33299646509248154,0.5656291695335244,0.5660080049186945,0.5887186924378466,0.5883246565396466
98808,1408,2048,0.31726780410082833,0.45647099846974015,0.45651894792763875,0.6950448224847308,0.6949718199892053
95704,1408,2048,0.30554496093229816,0.4440948808193207,0.44283294093375114,0.6880173001962809,0.6899779413158165
114680,1408,2048,0.35255379774132556,0.5283043589009795,0.5282324959087923,0.6673308516226061,0.6674216381458659
109752,1408,2048,0.3442067219018936,0.5060126784889177,0.506103457013766,0.6802333944077888,0.6801113826269145
79752,1408,2048,0.26351153514077585,0.3727381614190114,0.3728160014172562,0.7069615145859748,0.7068139085743087
121496,1408,2048,0.3761014240020413,0.5612103028656685,0.5590898441545891,0.6701612961871533,0.6727030153279778
97696,1408,2048,0.3046541986331134,0.4538785677207144,0.4517291198670864,0.6712240240005706,0.674417887256754
103640,1408,2048,0.32613878719734424,0.4799254528441272,0.4799742334767392,0.6795613470062597,0.6794922819813197
86832,1408,2048,0.27627552111943565,0.40356291617665974,0.4035857560699933,0.6845909523522622,0.6845522096957296
97864,1408,2048,0.30919682387840874,0.45470742607603265,0.4530889573693275,0.6799907064343991,0.6824196856918152
82960,1408,2048,0.26499640932067847,0.3874377343243202,0.38748243477033534,0.6839716058706162,0.6838927020724035
91200,2048,1408,0.3234061558893622,0.5412082064896822,0.5410503576783573,0.5975632889733866,0.597737625157657
109240,2048,1408,0.3750557953196022,0.6456254518876864,0.6413700428502312,0.5809185406538887,0.5847728616273755
89704,2048,1408,0.31739570278285156,0.542381078942017,0.5354238114161798,0.5851894822768745,0.5927934021898457
98568,1408,2048,0.3177829927868313,0.4557034117610831,0.4554805677346509,0.6973460908680646,0.6976872676859444
106408,2048,1408,0.36491746867256325,0.6250009370200774,0.6246758615410568,0.583867074523827,0.5841709134915549
100400,2048,1408,0.3487955563598209,0.6051373340701329,0.5923577363674457,0.5763907409477349,0.5888258647532196
83376,1408,2048,0.26827708893008045,0.3888199135992262,0.38886330594187196,0.6899777494591119,0.6899007564632057
98256,1408,2048,0.30874290794348547,0.4545588479521348,0.4545614481271811,0.6792143840878359,0.6792104988566975
115568,1408,2048,0.3536023420046985,0.5329490310923998,0.532103632425153,0.6634824746372282,0.6645366061364691
87928,1408,2048,0.28158778425406766,0.40910519339213863,0.40908478452190417,0.6883016612897358,0.6883360000376407
123688,1408,2048,0.380460100639768,0.5826976186309765,0.5709290956118092,0.6529288750718477,0.6663876540256999
54520,2048,1408,0.23935806607970825,0.32761671804310233,0.32730543168623055,0.7306039432585291,0.731298789777395
84856,1408,2048,0.2869550239880348,0.39480694162246843,0.3947985231351222,0.7268236541353259,0.7268391525614261
90496,2048,1408,0.3041565193418871,0.5396062016487122,0.5395326875370635,0.5636638689706819,0.5637406710802724
96752,2048,1408,0.33188445083362117,0.5805249320750205,0.573414963594875,0.5716971528635951,0.5787858216202774
102624,2048,1408,0.3500024205496331,0.606599999843417,0.6057652258405498,0.5769904725354106,0.5777855935259003
95112,2048,1408,0.33478487706651877,0.5653902229919933,0.5631733028435268,0.5921306443802086,0.5944615545093338
90384,2048,1408,0.3181623540959268,0.5420340825311886,0.5384725155915029,0.5869785025513037,0.5908608979725379
80600,1408,2048,0.26264571396100944,0.37666762359121925,0.3766830771142601,0.6972877346263433,0.6972591282122838
81096,1408,2048,0.2668363065100633,0.3788899741905592,0.3787670420785236,0.7042580292078683,0.7044866022285659
90760,2048,1408,0.31541009643551116,0.5424192411990105,0.5392636239528656,0.5814876620864358,0.5848903623862447
93288,2048,1408,0.32651898103791316,0.5571272132412487,0.556077473047303,0.5860761658693614,0.5871825363624066
72928,1408,2048,0.23448337426027618,0.3440146241337061,0.34415212569255677,0.6816087393108641,0.6813364112989627
97440,2048,1408,0.3422584471749324,0.579129646085713,0.5787179901165033,0.5909876130297034,0.5914079966756026
77216,2048,1408,0.2755417307285038,0.46754621222932286,0.4660594859184363,0.589335820762367,0.5912157976690674
30928,2048,1408,0.2400793260257495,0.18406319013938377,0.184057005997314,1.3043310063459561,1.3043748306394436
98848,2048,1408,0.34384153076851987,0.5879101836681366,0.5833077404317977,0.5848538438698171,0.5894684862470516
64280,1408,2048,0.24010594340704255,0.305234884941957,0.30514125941920195,0.7866268085730134,0.7868681667764433
91744,2048,1408,0.31819580287303567,0.5456498623625633,0.5455098652980737,0.5831501569436974,0.583299813834108
82752,2048,1408,0.29353803480471824,0.5008265472609889,0.49382574337980023,0.5861071790424696,0.5944162262495879
109688,2048,1408,0.37801697011633867,0.6457850808527932,0.6425538301467896,0.5853603332197569,0.588303971404204
92024,1408,2048,0.2970852124981764,0.426025522918236,0.4258664647267328,0.6973413481501525,0.697601800340884
12384,2048,1408,0.2152567273288062,0.07738277507601636,0.07740094491597173,2.7817137226902298,2.7810607165389767
68024,2048,1408,0.25218477831178326,0.40949959904661676,0.40951539501207607,0.615836447456631,0.6158126932061899
98976,1408,2048,0.30923089309172197,0.462394524863697,0.4583715566179969,0.6687598500066063,0.6746293233666601
130608,2048,1408,0.430406086328553,0.7623451095202873,0.7607674889448213,0.5645816847954727,0.5657524704762594
94408,1408,2048,0.30338465072240933,0.43743568256497384,0.43751767219849,0.6935525902767353,0.6934226203890842
64896,2048,1408,0.2322516119480133,0.39206400076183706,0.3910080001019595,0.592381885347073,0.5939817392162083
83576,2048,1408,0.2966305601725475,0.5030908387047904,0.503201949332959,0.5896163025671948,0.589486111025124
102264,1408,2048,0.3250846197020333,0.4722554780866789,0.4723408330852787,0.6883660111664528,0.6882416190415215
90384,1408,2048,0.2838782262273209,0.4221043072354335,0.4201036610513786,0.6725309866809404,0.6757337594175421
87112,1408,2048,0.284688592860193,0.40423188791718595,0.4041322193362496,0.7042704976271355,0.7044441874190781
118448,2048,1408,0.3993707146849568,0.6961327465251088,0.6938617251702209,0.5736990777671337,0.5755768047113156
98880,1408,2048,0.30686052370330563,0.4582179904614807,0.45820946854596234,0.6696824002790901,0.6696948552308777
111840,1408,2048,0.3359587504528463,0.522047432953726,0.5163223665546287,0.6435406617211074,0.6506763452737248
106184,1408,2048,0.32952196701214864,0.49147226590684007,0.4914001282807943,0.6704792719160484,0.6705776983921629
100696,1408,2048,0.3175466665515193,0.46682757503808814,0.4668227985424081,0.6802225993732501,0.6802295593596037
98672,2048,1408,0.3426469848269508,0.5832411684356369,0.5829699197901955,0.5874876523994265,0.5877610030896031
144960,1408,2048,0.42485945075044135,0.6768067553639412,0.6668001280414114,0.6277411497200268,0.6371616214267667
101296,1408,2048,0.3180502602158869,0.4692629912966176,0.46840588632642916,0.6777654878282309,0.6790056860947294
85544,2048,1408,0.3018031300625939,0.5121994396281797,0.5117407675539509,0.5892297154438152,0.5897578406840059
115392,2048,1408,0.3893029764622844,0.6768476158622804,0.6748589000840118,0.5751707878387455,0.5768657365470335
99080,2048,1408,0.3393817584514618,0.593422821304142,0.5865655063064235,0.5719054715584005,0.5785914016467375
93624,1408,2048,0.2952832221563629,0.43435271625495075,0.43428019236251353,0.6798235883093715,0.6799371174402458
114680,2048,1408,0.3918156511109808,0.680238332748413,0.6717593004738075,0.5759976059095369,0.583267921761
138144,2048,1408,0.45218116946709463,0.819931423664093,0.8041449535606254,0.5514865712139639,0.5623130101916435
102112,1408,2048,0.31501590908673416,0.47467199917677994,0.4729850930602927,0.6636496562532946,0.6660165694621125
97336,1408,2048,0.30764614542325336,0.4515651960655586,0.45156373854857595,0.6812884343251933,0.6812906333269695
97768,2048,1408,0.3322965658790483,0.5823366490999857,0.5799562633037567,0.5706262286473298,0.5729683200352047
98576,2048,1408,0.3397485532543876,0.5873917766412099,0.583924849576588,0.5784019572032798,0.5818360932930735
126104,2048,1408,0.4351056687074815,0.7432586686653003,0.737405485055578,0.5854027501472917,0.5900494063651937
106944,1408,2048,0.32596557519652625,0.5006147682666778,0.49365345304076735,0.651130561579606,0.660312559729238
102816,2048,1408,0.35956565890370346,0.6217880304469618,0.6069324161661299,0.5782769067542772,0.5924311329011019
67840,1408,2048,0.21322464245685283,0.32237627053082213,0.3223007879735812,0.661415438877554,0.6615703417837462
88712,1408,2048,0.2863183662193973,0.4131536451734115,0.4131362215714521,0.6930069952528723,0.6930362221214207
45720,2048,1408,0.2422950330016377,0.2706057606798828,0.270649746633493,0.8953801736994961,0.8952346566566252
98296,1408,2048,0.30961856909476926,0.45460611276137525,0.45472727264418744,0.6810699645327678,0.6808884967342567
81664,1408,2048,0.2523537688642923,0.3816858072460225,0.38179004582775733,0.6611557571005858,0.6609752444361539
42736,1408,2048,0.24897271247759256,0.2042219095568561,0.204243151414575,1.219128314967977,1.219001522221056
100864,2048,1408,0.49188886617505273,0.5935583542554806,0.5930217405160269,0.8287118910019299,0.8294617761349325
84264,2048,1408,0.29721565710173714,0.5064954550444395,0.5015477890169228,0.5868081423863116,0.592596884305493
74816,1408,2048,0.24111679033305508,0.3522829282574537,0.3521798236167383,0.6844407463220678,0.6846411241191711
87792,1408,2048,0.27753269344568254,0.4089367132231663,0.4077380109051047,0.678669056779518,0.6806642648538215
97504,1408,2048,0.30528738552873785,0.45286683396746713,0.4509136013686657,0.674121756398414,0.6770418647876086
105160,1408,2048,0.32816227545006,0.48772048192788225,0.48775552357396773,0.6728490756690927,0.6728007364129716
97816,1408,2048,0.3097464834955195,0.4539048253875418,0.4538270409405232,0.6824040331165446,0.6825209949005961
93688,2048,1408,0.32480747832192314,0.5600708938097652,0.5562571727868283,0.5799399360186139,0.5839160269963791
96008,1408,2048,0.30605437842552347,0.44546416477889433,0.44548102947744994,0.6870460131791594,0.6870200034881975
94984,1408,2048,0.3031111500153305,0.4415353545636842,0.44165411679183736,0.6864934979325913,0.6863088975986935
93872,2048,1408,0.32517658697592244,0.5593031379067974,0.5584254109498227,0.5813959639005459,0.5823097957215654
79360,1408,2048,0.2462479279557271,0.3728332464055065,0.37135515894208637,0.6604773858817816,0.6631062529391977
83208,2048,1408,0.29691036092940154,0.49664581719447265,0.49666902618330033,0.5978311920688939,0.5978032558443135
102264,2048,1408,0.3494984290377814,0.6085185458262762,0.603161521986419,0.5743431016769018,0.5794441725771273
131840,2048,1408,0.43460920776398676,0.7799797506507383,0.7678187592107741,0.557205757458949,0.5660309839404198
96008,2048,1408,0.32848836951530896,0.5774786103156305,0.5715071684048499,0.5688320981027647,0.5747755893109132
73208,1408,2048,0.24304296874892925,0.34582924807071685,0.34541460280380554,0.7027831512366202,0.7036267916182366
89488,1408,2048,0.2819288950855449,0.4197182140304047,0.41617185374101,0.6717099369557542,0.677433835448645
38776,2048,1408,0.23726276863633164,0.2287537595973565,0.22878705964029,1.0371972423708025,1.0370462779204714
90760,1408,2048,0.29090968144351037,0.4208203079895331,0.4207248823463637,0.6912919265548991,0.6914487201734307
125024,1408,2048,0.3764172231746932,0.5777288667143208,0.576730390265584,0.6515465036660987,0.6526745070627427
67216,1408,2048,0.23914782762698253,0.3186421018012249,0.31863865103477085,0.7505217492450749,0.7505298771833112
74880,2048,1408,0.2622802512450788,0.4529449490276543,0.452614875882864,0.5790554719908477,0.579477752986971
121056,1408,2048,0.35838098262177137,0.5594201721485306,0.5584987518977533,0.6406293524335378,0.6416862730740384
91200,1408,2048,0.28325594596716824,0.4264550587418033,0.42292341715852977,0.6642105426135072,0.6697570635134441
50512,2048,1408,0.2350949191161104,0.3014780187440666,0.3010438302872886,0.779807828429738,0.7809325269737546
96656,2048,1408,0.3371765660488699,0.5739764222189,0.5739408016204834,0.5874397501301531,0.5874762085164087
157496,1408,2048,0.47055707652556716,0.7317322666446368,0.7238556239032006,0.6430727439194527,0.6500703468852148
120464,2048,1408,0.4059935415830087,0.713254718720412,0.7028749061353279,0.5692125560856663,0.5776184894909889
93288,1408,2048,0.29590130458798325,0.4331914466796535,0.43323532466727177,0.6830728234733666,0.6830036419935005
73736,1408,2048,0.2418564837594767,0.3499697798064777,0.34914269402207604,0.6910781950750597,0.6927152934902435
79632,2048,1408,0.28215004938984245,0.4768501626478659,0.4763818228744087,0.5916954034850536,0.5922771101705685
107224,1408,2048,0.3331143159893949,0.49590578475477975,0.49583651854292204,0.6717290385191139,0.6718228761534007
94496,1408,2048,0.2911290635804196,0.4387625056986857,0.438792854981515,0.6635231128439872,0.6634772200032382
104880,2048,1408,0.3551151942569042,0.619268674403429,0.6187473142147064,0.5734428511162841,0.573926037493358
128904,1408,2048,0.39684561208674785,0.6009968924853537,0.594376673621516,0.6603122529396755,0.6676668679959824
66424,1408,2048,0.2402031591285546,0.3147786830952021,0.3146897626712042,0.7630858505622098,0.7633014721852421
99616,1408,2048,0.30568424799225546,0.46239678206897916,0.4610336817227877,0.661086451822786,0.6630410317310799
90776,2048,1408,0.3186683642367522,0.5465368401784838,0.5403998171289762,0.5830684060248966,0.5896899927349462
80528,2048,1408,0.2842041105031967,0.4857218140396624,0.4853842154862409,0.5851170408417966,0.5855240064172482
121936,2048,1408,0.40759461788537865,0.7184273503784441,0.7109198151653959,0.5673428463861672,0.573334163980999
99952,1408,2048,0.31653361144795344,0.4637940210731406,0.4629113461290087,0.6824874773407997,0.6837888379597823
83376,2048,1408,0.2937986043636485,0.49866363660178403,0.4984003519946402,0.589171904263527,0.5894831397847969
101552,1408,2048,0.3215726226568222,0.47052575365917104,0.47066605309541315,0.6834325648618073,0.6832288424923503
96488,2048,1408,0.33330497274211807,0.5757230929299897,0.5716984908773292,0.5789327835467759,0.5830083130543652
69448,2048,1408,0.25379870392027354,0.4214619999894729,0.42159532066786065,0.6021864460535299,0.6019960172191288
99616,2048,1408,0.34698110106456803,0.5894209790874172,0.5882629790367224,0.5886812878662522,0.5898401113609899
113800,1408,2048,0.34748123501374467,0.525586376176078,0.5255731871362367,0.661130597679979,0.6611471884764779
98008,1408,2048,0.30693248857697136,0.45674766739830375,0.453167996171749,0.6719957440074082,0.6773039825624515
117448,1408,2048,0.35666882610025485,0.5429929597746759,0.5429549887335512,0.6568571832832982,0.6569031199661486
101712,1408,2048,0.32015000765651574,0.47015495367228666,0.4701486432181739,0.6809457289684769,0.6809548687944403
100264,2048,1408,0.3464620981424574,0.5972250744297698,0.5930385601062041,0.5801198124061673,0.5842151277320168
87680,2048,1408,0.3001041703082465,0.524660480458562,0.5226569073540824,0.5719969036851231,0.5741896186305179
106096,1408,2048,0.3314918124904999,0.4912802686462295,0.49111999798080197,0.6747509184603685,0.6749711147039426
99128,2048,1408,0.3404125570063572,0.5886175108922495,0.5855221361111683,0.5783255691634904,0.5813828991458075
84552,2048,1408,0.30084259143407394,0.5089686850591891,0.5059798796083674,0.5910827134661306,0.5945742183798466
100400,1408,2048,0.3142360291982952,0.46496987105049986,0.46487778440499916,0.6758201955932029,0.6759540673695311
104824,2048,1408,0.35389800829651913,0.6186126702361636,0.6179639474550883,0.5720833492812455,0.5726839077812697
96104,2048,1408,0.3289480454031132,0.573537452654405,0.5701329369603851,0.5735423970670082,0.5769672721538796
98648,2048,1408,0.3401135227509907,0.5891637833494889,0.5837733564497549,0.57728178880479,0.5826122740842561
81416,2048,1408,0.29155792921156315,0.48657493111160066,0.48663118433824837,0.5992045840616715,0.5991353176595987
106688,2048,1408,0.3568238311731666,0.6278503755043293,0.6273114600149142,0.5683262208556346,0.5688144628581839
151744,2048,1408,0.5107138471288996,0.8952798247337341,0.8824538226439574,0.5704516431840642,0.5787428577267965
140416,1408,2048,0.4106735567339754,0.6473919924839523,0.6474182138012515,0.6343506893841527,0.6343249973193471
102296,1408,2048,0.32443562914447716,0.4761431396648448,0.4739407742522774,0.6813825551972587,0.6845488862112146
90464,1408,2048,0.27971059956935923,0.4204329223586963,0.4204737188938622,0.6652918567845206,0.6652273067272606
106688,1408,2048,0.3238267364837371,0.49529402510503706,0.4932281110737775,0.6538070723043007,0.6565455804592184
91472,1408,2048,0.28869045767360985,0.42625429271494303,0.4251974989170147,0.6772728453591697,0.6789561519268326
107056,1408,2048,0.33742758779018095,0.4970825433053754,0.49536104176355444,0.6788160081954181,0.6811750608987974
102816,1408,2048,0.31977412530354093,0.47830542276302973,0.47650728523731234,0.668556345140935,0.6710791948213038
74448,1408,2048,0.24470798671245575,0.3520147110665998,0.35199821066856385,0.6951640912136707,0.6951966779821761
72840,1408,2048,0.24387190088721142,0.34461561862438445,0.3446264473830952,0.7076635175755653,0.7076412815645499
86936,2048,1408,0.30718330147057554,0.5227029466343497,0.5204968244688851,0.5876823604085435,0.5901732480001686
103920,1408,2048,0.3251276970592164,0.4815300551594281,0.4814774771743917,0.6751971005248489,0.6752708329520776
96848,1408,2048,0.3072108966048046,0.44904106320478976,0.44898690172095795,0.6841487823234953,0.6842313114865295
66248,1408,2048,0.2539719543152157,0.31392405937979184,0.3138435957008514,0.8090235416074152,0.8092309602433181
93528,2048,1408,0.32385704195362397,0.5597518581264423,0.5568763039460997,0.5785725178967925,0.5815601052850154
101784,1408,2048,0.3206322672863432,0.47177305962588334,0.47157566870252293,0.6796324222934752,0.6799169010744761
94496,2048,1408,0.3327938981557171,0.5610511801601236,0.5608277223326943,0.5931613904826615,0.5933977314307888
75456,2048,1408,0.2715972623738803,0.45687444361380347,0.45706052370745726,0.5944680560934632,0.5942260341602305
118448,1408,2048,0.35977626489900455,0.5464100117332364,0.5464592348961603,0.65843644364747,0.6583771339638358
66176,2048,1408,0.23554623503844405,0.40096508161486866,0.4008183848803939,0.5874482488345176,0.5876632507980695
75144,2048,1408,0.26924315084913364,0.45145159138708696,0.4502076803155206,0.5963942889687971,0.5980421095003067
118160,1408,2048,0.3799415308016318,0.5484195914119482,0.5453929443444524,0.6927935047386679,0.6966381482223083
78920,2048,1408,0.2811626319157875,0.47198660882270854,0.4719866670978566,0.5957004428941333,0.5957003693443194
81520,2048,1408,0.28775414627188173,0.4921262307061675,0.4920511981925449,0.5847161324015877,0.584805295320672
101688,1408,2048,0.3919461525674236,0.4704533348638545,0.4705289958981035,0.8331244004909643,0.8329904341374584
83208,1408,2048,0.2704169890003018,0.3887470455560009,0.3886978514329835,0.6956116891217554,0.6956997266729815
67448,2048,1408,0.24838528271626542,0.40550429054668974,0.405572774992809,0.6125342900352527,0.6124308583599316
95112,1408,2048,0.30099545419216156,0.44065800533821836,0.440720308499009,0.683059085607984,0.6829625238221542
116168,2048,1408,0.39557148390346103,0.6809726991350689,0.6801023056907375,0.5808918395787268,0.5816352636853712
102616,2048,1408,0.3518283403354135,0.6074017845094204,0.6041779973927666,0.5792349467981467,0.5823256422009282
94192,2048,1408,0.3293386050339403,0.5597604100520794,0.5591877843394424,0.5883563737623013,0.5889588690192537
112232,2048,1408,0.37286965677450445,0.6570768351702727,0.6566601983198883,0.5674673597006052,0.567827405602651
50512,1408,2048,0.24575845922525477,0.24131292173232155,0.2416187609578001,1.0184222935971265,1.0171331822539131
74448,2048,1408,0.2681458482254456,0.4502240815743577,0.4502875182032585,0.5955830867326883,0.5954991808242958
100536,1408,2048,0.31584367387824586,0.4664657095218087,0.4651249475085858,0.677099446821137,0.6790512432627915
125656,2048,1408,0.414863849867065,0.7409277189586122,0.7328207427635789,0.5599248607545199,0.566119141636944
104280,2048,1408,0.35412970405133043,0.6157556523550425,0.6153063817529489,0.57511401267193,0.575533936512163
100840,1408,2048,0.3186162358478588,0.46719948450724286,0.46647966906581956,0.6819704353567612,0.6830227702869137
126048,2048,1408,0.4286884553027603,0.7395784393600796,0.7365137543529272,0.5796389300824981,0.582050848024406
74880,1408,2048,0.23699300921919694,0.3521785151121045,0.3522600817727853,0.6729343189596844,0.6727784994158439
87352,1408,2048,0.27807755555425373,0.4074590957384505,0.40659737993370404,0.682467414429135,0.6839137910814734
100528,1408,2048,0.3141435310517475,0.46649123474638515,0.4655970148163138,0.6734178643732422,0.6747112224842822
83832,2048,1408,0.29613359815308027,0.5003481854430654,0.5000573201821401,0.591855045683537,0.5921993063619527
120088,2048,1408,0.4026457257227066,0.7077881017652881,0.7010983434834874,0.5688789126554564,0.5743070561572221
98192,1408,2048,0.3076549816131592,0.45718115178078256,0.454447430705056,0.6729389005097899,0.6769869534433179
99000,1408,2048,0.31206352445814345,0.4590998142177522,0.45896587992201043,0.679729145588656,0.6799275024783339
87952,2048,1408,0.31081777468875604,0.5253401520740555,0.525166065706683,0.5916505210226937,0.5918466462042022
94344,2048,1408,0.325035410796025,0.5615756896477712,0.5612631078146718,0.5787918116610286,0.5791141556792847
73384,2048,1408,0.2649774166404224,0.4433657573163509,0.4401017976742165,0.5976497108037944,0.6020821047328937
84552,1408,2048,0.28360933241330916,0.395247424642245,0.39531271014593344,0.7175488434112274,0.7174303409283553
105960,2048,1408,0.3638248624148705,0.6314988998752652,0.6241219795790295,0.5761290518269055,0.5829387112119822
96208,2048,1408,0.3332992993903995,0.5761882343323402,0.5706089878523791,0.5784555801917944,0.5841115483386436
127224,2048,1408,0.4320251758064704,0.758677612794073,0.7410429372787476,0.5694450034124501,0.5829961451261516
97864,2048,1408,0.3417639634778014,0.5784779893641441,0.5783337728132175,0.5907985606392115,0.5909458854794907
82552,2048,1408,0.29101161832792044,0.49619726972146466,0.49617353605700065,0.5864837154208383,0.5865117689277344
115568,2048,1408,0.39480481435239845,0.6813059566527839,0.6752044441056078,0.5794824050740012,0.5847189215043845
121936,1408,2048,0.3786348937673772,0.5663582516821805,0.5623638493779265,0.6685430867172273,0.6732916672830483
99968,2048,1408,0.3343420868460466,0.6006939365313604,0.5898419402207539,0.5565930776272978,0.5668333566123086
101296,2048,1408,0.3474785803306487,0.6013578066270645,0.5981859091789492,0.577823346602266,0.5808872709950434
93792,2048,1408,0.3264597084558787,0.5599388654824276,0.5571855642578819,0.583027413492025,0.5859084107656162
96672,2048,1408,0.33484737493563443,0.5742906804052775,0.5741776000708342,0.5830625262790827,0.5831773564387144
88496,1408,2048,0.27733755731742654,0.41415923890613376,0.41006480864665473,0.6696399144684615,0.6763261598397808
121032,2048,1408,0.4018795237149278,0.7170931567107478,0.7081709025484143,0.5604286137080415,0.5674894609037586
68024,1408,2048,0.23530554396715778,0.3234103005310706,0.3232829611610483,0.7275759107881338,0.7278624989144935
77504,2048,1408,0.28317511071661106,0.46396073409028954,0.46298301964998245,0.6103428370330656,0.6116317417660218
106432,2048,1408,0.36761201627521595,0.6259641862239967,0.6246273237586821,0.587273240810727,0.5885301559706325
86936,1408,2048,0.28057396790654365,0.4047361443576203,0.4039287633216219,0.6932268635208217,0.6946124994895228
55432,2048,1408,0.2398916380862667,0.33579224382193035,0.33569360955464883,0.7144049408522983,0.7146148489526544
120088,1408,2048,0.36703336028637235,0.5543527968227864,0.5535367669481219,0.66209345815514,0.6630695234753414
103128,1408,2048,0.3230456544044323,0.48030968376847566,0.47677760077150244,0.672577849919325,0.6775604681966869
93528,1408,2048,0.3000126878420512,0.4338182989913638,0.43383123052234834,0.6915630081524607,0.6915423942181967
99424,1408,2048,0.30834608633017196,0.46078519206097784,0.46017197981858865,0.6691753373215324,0.6700670615619181
63752,1408,2048,0.23855496143634397,0.30222075625316247,0.3022588171379667,0.7893400982575555,0.7892407033653381
81968,2048,1408,0.2910414789919327,0.49699580080091615,0.49257495869760926,0.5856014850083543,0.5908572367573449
74160,2048,1408,0.27080533301869636,0.45064365167908255,0.4490208127605381,0.6009300963403903,0.6031019616970767
71456,2048,1408,0.26187061161473635,0.42971582340031134,0.42971778966131663,0.6094041628315486,0.6094013743790557
40496,1408,2048,0.23348927501694403,0.19374496044872477,0.19380230868521792,1.2051372818997153,1.2047806685119906
82664,1408,2048,0.272394213109529,0.38505217762647476,0.38510206945497416,0.7074215624194412,0.7073299125477099
96672,1408,2048,0.2976331285817522,0.4486958727317771,0.4485395600890169,0.6633293209712057,0.6635604862203996
85544,1408,2048,0.2783464567102615,0.3994560022245754,0.39939056189210564,0.6968138046747242,0.6969279779461991
64280,2048,1408,0.23644723475514773,0.3888995565308465,0.3889250670718314,0.60799049724911,0.6079506176738096
99080,1408,2048,0.3138892969522089,0.4595009027663326,0.4596783687569657,0.6831092062333319,0.6828454812894704
99296,1408,2048,0.3031077737254756,0.4608817772259788,0.46083183594239063,0.657669252079924,0.6577405250347496
97072,2048,1408,0.3374943093237174,0.5792678109067955,0.5767325702703224,0.5826222396086504,0.5851833704580429
37056,2048,1408,0.23637556535718235,0.21883691070729464,0.2188715750074133,1.080144864927958,1.0799737944462462
87248,2048,1408,0.30681004456795047,0.5230224556233509,0.5199860002506863,0.586609697670221,0.5900352017555025
101504,1408,2048,0.307758359310905,0.4719104006886482,0.4690017836081549,0.6521542200845758,0.6561986970353043
97768,1408,2048,0.3112380713441946,0.4525718738123314,0.4526142372190952,0.6877097083440412,0.687645340669067
105160,2048,1408,0.3775907830936919,0.6220178394044031,0.6177418680985769,0.6070417264161492,0.6112436319978192
77216,1408,2048,0.2475342886908999,0.36319306343793867,0.3633511373080498,0.681550155027115,0.6812536504627474
123688,2048,1408,0.4105970135756901,0.728696473005439,0.7213874168174211,0.5634678206719211,0.5691768445132303
127224,1408,2048,0.39440844907905115,0.5875692848364512,0.5873773310594498,0.6712543682211605,0.6714737328518594
127208,1408,2048,0.384418620374696,0.5866979640840695,0.5866659261003325,0.6552240571941232,0.6552598391558062
97696,2048,1408,0.33715691294257094,0.581548936319667,0.5800050418331938,0.5797567356519794,0.581299969181191
65000,1408,2048,0.24211264423083986,0.3091673216921218,0.3092354763020824,0.7831120148976902,0.7829394192609636
12384,1408,2048,0.2146086783108866,0.062013178699279345,0.062098122823746334,3.4606946912298913,3.455960801263065
90464,2048,1408,0.31828746421186455,0.5397315555148654,0.5388564171149717,0.5897143884949269,0.5906721235982868
85536,2048,1408,0.30555849479160446,0.5118202381274279,0.5109851213806834,0.5970035415354746,0.5979792405030981
86832,2048,1408,0.30811632114605314,0.5212535569053924,0.5196067284453999,0.5911064146502818,0.592979852412419
37056,1408,2048,0.2341347075622491,0.1778270131469842,0.17791624320145386,1.3166430871147983,1.3159827531718917
98848,1408,2048,0.30689282225787856,0.45743847397900134,0.45715102296190213,0.6708942070140922,0.6713160571521991
86464,2048,1408,0.30680762377652254,0.5193125682718613,0.5186698226766153,0.5907956836043837,0.5915278089502685
102400,2048,1408,0.3374625733194425,0.6035329782879436,0.6031025418269089,0.5591452090600428,0.5595442730140153
89344,2048,1408,0.30091733524673864,0.5356393213625308,0.5335082893454751,0.5617909724799164,0.5640349761311367
103112,2048,1408,0.3554367478785476,0.624306489361657,0.606329052856094,0.5693305354585947,0.5862109793424445
98568,2048,1408,0.33951808719995963,0.5848176995913188,0.5840247001829026,0.5805537134686947,0.5813419999079331
136320,2048,1408,0.4425870050744313,0.804609531393418,0.7940531448792603,0.5500643328298159,0.5573770571007924
92560,2048,1408,0.3191901540526977,0.5525546632472824,0.5510727634686909,0.5776625830589577,0.5792159860044188
127208,2048,1408,0.42890039834931,0.7502979255955795,0.7411022172087715,0.5716401228336768,0.5787331199260021
60752,2048,1408,0.2397591675809353,0.36747979616918486,0.3718811200754675,0.652441767085753,0.6447199242926877
101552,2048,1408,0.35222097102997235,0.6115915568794791,0.5979374538768422,0.5759088186683085,0.5890598903719446
87176,1408,2048,0.2828586699605799,0.4054301272485858,0.4054155941695383,0.6976755079356687,0.6977005177612703
69448,1408,2048,0.23293130407467,0.3293144049725138,0.32925359570481477,0.7073219408489331,0.7074525748945792
97224,2048,1408,0.33816578949471854,0.5780924546638592,0.5776873422118852,0.5849683502465887,0.5853785686214421
96864,2048,1408,0.3325958728091791,0.5752924474236233,0.5740736003965139,0.5781335637181906,0.5793610306752556
81272,1408,2048,0.2626165150640867,0.3797392681888912,0.3790229050776897,0.6915706040004667,0.692877690360843
120464,1408,2048,0.3736201841306884,0.5590558006793638,0.5553867355352495,0.6683057105867889,0.6727207551520202
129584,1408,2048,0.3907447796216053,0.6035065006236641,0.5981167759988215,0.6474574494521755,0.6532917906692776
118472,1408,2048,0.3612619413379812,0.5488032343841734,0.5451676086300895,0.6582722526104692,0.6626621531051139
128904,2048,1408,0.43302200003885305,0.7601350221717567,0.7532418134712404,0.569664582486517,0.5748778045702402
97296,1408,2048,0.3077145144343376,0.453976537742763,0.45040015831589697,0.6778203031468073,0.6832025006050642
80600,2048,1408,0.2900559168036391,0.48111525374454456,0.4810132208992453,0.6028823957380672,0.6030102795540317
104800,2048,1408,0.36486704056420605,0.617955291095902,0.6158574883143108,0.590442457280589,0.5924536885357988
81096,2048,1408,0.28517656385059087,0.4911181426180002,0.48825165175873303,0.5806679474930453,0.5840770078777109
120560,2048,1408,0.4086966613017091,0.7215639968713125,0.702815027851047,0.566403899132731,0.5815138338053969
98808,2048,1408,0.3402730159106709,0.5854929701702015,0.5853407138433212,0.5811735293965259,0.5813247017731832
97296,2048,1408,0.33730587421450764,0.5761528324924017,0.5755443385562057,0.5854451374565725,0.5860640990069743
102112,2048,1408,0.3477810732717436,0.60315082257226,0.6027378992814767,0.5766071441112525,0.5770021657611594
121496,2048,1408,0.40381570325957405,0.7178648680198092,0.7085881142905264,0.5625232843243568,0.5698877741745562
85800,2048,1408,0.30049628955362506,0.5202743735539137,0.5176034623926337,0.5775727285989148,0.5805530901292163
97224,1408,2048,0.3070408086553752,0.4510869442811472,0.451119124444563,0.6806687991040749,0.6806202442279894
93880,1408,2048,0.2986969205352903,0.4368856018781662,0.4369714408393067,0.683695958967738,0.6835616532777803
109688,1408,2048,0.341125104909741,0.5074369102193598,0.5075925290584564,0.6722512652110312,0.6720451649327874
94408,2048,1408,0.3268494705359141,0.5642689168453217,0.5622712155667747,0.5792441525279172,0.5813021571919643
101344,1408,2048,0.3129372248684403,0.4692003436947382,0.46918267459449375,0.6669586437303151,0.6669837609389698
130608,1408,2048,0.4019112592226608,0.6054733195533492,0.6030324759826161,0.6637968119208725,0.6664836061569707
64896,1408,2048,0.20567217001572569,0.3096526804168302,0.3092112020722457,0.6642027762810446,0.6651510962001673
82960,2048,1408,0.29283108466437885,0.4973270041120928,0.4964030573928291,0.588809942438552,0.5899058845494713
98760,2048,1408,0.34012167515019653,0.5860479931957674,0.5839935077142112,0.5803648832504065,0.5824066032539557
96488,1408,2048,0.30532225043748196,0.44731657115780576,0.44735524737008725,0.6825641394129559,0.6825051281557798
94112,1408,2048,0.29289545571437875,0.4368980935770064,0.436879692147079,0.6703976511235425,0.6704258883605264
89704,1408,2048,0.2855524364603709,0.41699889045583005,0.4160745688649111,0.6847798471315538,0.6863011052066548
100264,1408,2048,0.3169759407474546,0.46496598812985546,0.46499859702955815,0.681718553269599,0.6816707464760494
98256,2048,1408,0.3348400624483589,0.5843419619401296,0.5838250004792516,0.5730207382961587,0.5735281328711422
87680,1408,2048,0.2695729608022714,0.41143689196086625,0.4066979324436623,0.6551988070819662,0.6628333691851602
99128,1408,2048,0.31258467363787223,0.4592778116464615,0.459536732604661,0.6806004246477526,0.6802169477641922
116568,2048,1408,0.3918038945546192,0.683860907150853,0.6827063573633924,0.5729292177074119,0.5738981193433783
87928,2048,1408,0.308399414711625,0.5256306618273615,0.5240826521600995,0.5867226497774514,0.5884556824014345
100464,2048,1408,0.3474480011049778,0.6169275261737682,0.5942867688643627,0.5631909525254561,0.5846470413078938
83576,1408,2048,0.26810466983625963,0.39016832139756946,0.3903578010969287,0.6871513014586063,0.6868177581769073
113576,1408,2048,0.35405666894646753,0.5322562194850347,0.525404532296317,0.6651996838834919,0.6738744094936492
104824,1408,2048,0.32954165272246627,0.48707911339071064,0.4853231247096138,0.676566996331301,0.6790149406534931
90496,1408,2048,0.28068166303557235,0.42067720252892066,0.4207163775023424,0.6672138669465363,0.6671517393781743
97336,2048,1408,0.33565214101006,0.582189956767447,0.5777334304725599,0.5765337191210509,0.5809809910697252
73208,2048,1408,0.2647886086243256,0.4422406447892213,0.4423785119080076,0.5987432673686697,0.5985566692249019
67448,1408,2048,0.2348832180188305,0.31889588089988513,0.31895804977065084,0.7365514328878091,0.7364078698992705
87256,1408,2048,0.28122222913591655,0.4044046548279849,0.40440538254651154,0.6953981013288176,0.6953968499753402
151744,1408,2048,0.45041715882826544,0.7021231114371749,0.698648788875207,0.6415073816702987,0.6446975447469346
108616,1408,2048,0.33719474859679527,0.5049078931127275,0.5024534581781743,0.6678341796520736,0.6710964828850339
67840,2048,1408,0.2388106840431864,0.40978289752209923,0.4091285124010996,0.582773672320738,0.5837057961119616
98576,1408,2048,0.31160857960365823,0.45805430026252036,0.4573296874611821,0.6802874231833844,0.6813652997983154
139872,1408,2048,0.4133256092600154,0.6448768535346696,0.6447796367265127,0.6409372688669378,0.6410339063411366
97440,1408,2048,0.30206770256320775,0.4515624444719423,0.45148480013012887,0.6689389391459383,0.6690539802804979
102624,1408,2048,0.31550769207678436,0.47835278771614115,0.47560364055255105,0.6595711369910725,0.6633836774466886
98296,2048,1408,0.33943002282404433,0.5832557220037292,0.5832034539265237,0.5819574674003354,0.5820096238092722
30928,1408,2048,0.2325400799512863,0.14559013478328728,0.14555961156933053,1.5972241546271326,1.5975590855470694
45720,1408,2048,0.2345843810055937,0.2205699620381841,0.22054991275881944,1.0635372960030862,1.0636339777750061
106096,2048,1408,0.356588451807469,0.6348601651023811,0.6244730756089494,0.561680306008747,0.5710229403561474
92024,2048,1408,0.3217360910379662,0.5495889250587367,0.5458744707561675,0.5854122533556895,0.5893957462276708
87840,1408,2048,0.2718064212485364,0.40908487272817035,0.4091124349019744,0.6644255003512363,0.6643807375682987
74816,2048,1408,0.2668933850877425,0.44809028491073727,0.4473582568145034,0.5956241277154883,0.5965987684863712
97504,2048,1408,0.33657500298570564,0.5874242147073051,0.5789102029055357,0.5729675327623501,0.5813941459252993
91744,1408,2048,0.28538800041015083,0.4256312126302954,0.4257193978102702,0.6705053387568165,0.6703664476602951
98976,2048,1408,0.34164072732209216,0.5860750563192687,0.5861024784890911,0.5829299910282837,0.5829027172906777
84264,1408,2048,0.2713974910010599,0.3929545722369637,0.39208084266436727,0.6906586923167264,0.6921977854281041
103128,2048,1408,0.3508317414822617,0.6162114622709635,0.6078947272739912,0.5693366043359841,0.5771258175827775
76176,1408,2048,0.24450275836382232,0.35869783346281675,0.3587833498170984,0.6816399084528285,0.6814774389292748
100696,2048,1408,0.3433684160509907,0.5961687130992915,0.5951481884525668,0.5759584636133076,0.5769460828634567
75456,1408,2048,0.2395117865124745,0.35612331548841986,0.35516516095207584,0.6725529503284172,0.674367344675434
125024,2048,1408,0.4448101214198179,0.7466304568867934,0.73089300096035,0.5957567325535201,0.6085844587858467
111840,2048,1408,0.38649434480687667,0.6579285455114059,0.6537665313398334,0.5874412159856293,0.5911809893583764
75144,1408,2048,0.24785376979101553,0.35433729465414837,0.3543879623413086,0.6994854155358772,0.6993854084476755
131840,1408,2048,0.3853032221774009,0.6133907825657816,0.6073091719664779,0.6281529379455257,0.6344432785854068
86112,2048,1408,0.30118192957459594,0.5187493712581389,0.5135361709621515,0.5805923751659304,0.5864863014620902
81520,1408,2048,0.2620138393721013,0.38068619240885193,0.380762095231355,0.6882672516020805,0.6881300493235782
136320,1408,2048,0.3949262845158065,0.6337268098966399,0.6285874622093665,0.6231806487407698,0.6282757901783709
105960,1408,2048,0.3301417928089127,0.492084380967657,0.4900677861064993,0.6709048398563412,0.6736655666185081
72928,2048,1408,0.2634093415352606,0.44005397288360404,0.43750244899860863,0.5985841686854475,0.6020751246951267
93872,1408,2048,0.29528522170666194,0.4356266153920995,0.4355984635364551,0.6778401761354299,0.6778839835874435
89232,2048,1408,0.31095560435410385,0.5318202184908318,0.5313949578070227,0.5847006066006957,0.5851685263205453
93624,2048,1408,0.3213886510032092,0.5567654110491276,0.5564385085394888,0.577242487814766,0.5775816124710232
88712,2048,1408,0.31081457634766896,0.5387672254120011,0.5306667241057909,0.5768995619768551,0.5857057965551024
87112,2048,1408,0.3096156500986893,0.5233130581451185,0.5221981178011214,0.5916451830881518,0.5929083992152689
98008,2048,1408,0.3371002995500378,0.5819560647010803,0.5814359859100677,0.5792538646765167,0.5797719916190017
99968,1408,2048,0.2981242236370842,0.46379285986705493,0.4620957533518473,0.642796061419619,0.6451568132245689
100464,1408,2048,0.31469665114526396,0.4651370991474737,0.4777690242498349,0.6765675146576258,0.6586794772628517
106944,2048,1408,0.3759416478271244,0.636091192862145,0.6280700600630528,0.5910184766676989,0.5985664207419522
157496,2048,1408,0.5177390307693158,0.928791207926614,0.9153938465393506,0.5574331737324366,0.5655915568218313
96864,1408,2048,0.2969274357645756,0.45043018214481395,0.448115101352853,0.6592085689078291,0.6626142142234349
118160,2048,1408,0.40294942752059015,0.7008822162946066,0.6912993223578842,0.5749174656633258,0.5828870570076794
95704,2048,1408,0.335628153510796,0.576084983426255,0.5684744656821827,0.5826018090502093,0.5904014582397018
101344,2048,1408,0.3511963884436315,0.6002497721038409,0.5976083119968315,0.5850837514068657,0.5876698522986633
87792,2048,1408,0.31177400571086034,0.5224161832815125,0.5221761747768947,0.5967923959638437,0.59706670041786
104880,1408,2048,0.32882035212498517,0.4854762908799688,0.4855366876368882,0.6773149550289451,0.6772307026382641
55248,2048,1408,0.2346726220515039,0.333403846007267,0.3333517536520958,0.7038689711047571,0.7039789636037768
94984,2048,1408,0.3263380022253841,0.5662685382138392,0.5656930403209027,0.5762954856272618,0.5768817697319755
120560,1408,2048,0.3770354288716276,0.555218142688654,0.5551906380711532,0.6790762042569911,0.6791098462710511
90776,1408,2048,0.28721594260129363,0.42070583778134946,0.4207024984236614,0.6827001596078788,0.682705578591686
81968,1408,2048,0.2621832246741941,0.3829835799702427,0.3829753116287034,0.6845808499010986,0.6845956298310479
93688,1408,2048,0.29840291884907505,0.43509071990847586,0.43502933362831814,0.6858406883783824,0.6859374662399791
103928,2048,1408,0.3541914066414774,0.6148473181894847,0.6126523796717326,0.5760640018475646,0.5781278558507484
98672,1408,2048,0.3107299264112528,0.4614088366793088,0.45629142802588796,0.6734373113604198,0.6809900588218444
79632,1408,2048,0.25861954712603663,0.3738481736234329,0.37382196799173195,0.6917769441520317,0.6918254390329374
107056,2048,1408,0.3588974780144812,0.6293871757918841,0.6282468604392746,0.5702332233937283,0.5712682396272344
87352,2048,1408,0.3072406444018775,0.5236373259907677,0.5226004548456477,0.5867432078501112,0.5879073421254912
91880,1408,2048,0.2924113785716849,0.4264768930604157,0.4266178761943105,0.6856441306194314,0.6854175478537639
101712,2048,1408,0.35122940957787546,0.6012475473897441,0.6006199137058134,0.5841677211037329,0.5847781626333312
100864,1408,2048,0.30084124039596233,0.46804139034255693,0.46648140969671736,0.6427663164058595,0.6449158190281454
89488,2048,1408,0.3125129548916176,0.5378763554272828,0.5342366250122295,0.5810126281594231,0.5849710414078476
103920,2048,1408,0.36623825987013814,0.6225891651645783,0.6108606785735828,0.5882502946759841,0.5995446633188748
40496,2048,1408,0.23639995718609552,0.23940294420068292,0.23939237405740937,0.9874563488573052,0.987499949056037
140416,2048,1408,0.4538812804222107,0.8236927361164278,0.8170888340991477,0.5510322727406634,0.5554858437425857
67080,2048,1408,0.24731909800320864,0.40770903657431956,0.4076538447920046,0.6066068588551529,0.6066889866558162
93792,1408,2048,0.2908369957355031,0.4382560010811295,0.4345588854592831,0.663623532862163,0.6692694717957934
99296,2048,1408,0.340772443938823,0.5942144048213959,0.5882129905285773,0.5734839835147544,0.5793351208251957
121032,1408,2048,0.3736672267442992,0.5622968407053697,0.559047459824685,0.6645373043098637,0.6683998293480838
121056,2048,1408,0.41049291986391084,0.7114191979169846,0.7076209187507629,0.5770056825368539,0.5801028615555867
73736,2048,1408,0.2677129590511322,0.45020766709883187,0.4481616054647532,0.5946432693523241,0.5973580864284617
101504,2048,1408,0.3373364710340313,0.6067070169048709,0.5987258100664461,0.5560121469419633,0.5634239669684425
98648,1408,2048,0.31259608682054674,0.45724446114740874,0.4571881231266199,0.6836519922759009,0.6837362368093979
71144,2048,1408,0.2574916769385724,0.4291817937872093,0.42823492434735483,0.5999594592920645,0.6012860285297814
73384,1408,2048,0.2441543856033912,0.34817465002757,0.3481499763377699,0.7012411316678512,0.7012908292330782
81416,1408,2048,0.26704508510251707,0.38037513499652154,0.38039777330730273,0.7020571549845369,0.7020153740142581
81664,2048,1408,0.27552460029372405,0.48773333026190935,0.48749716410765775,0.5649082873745153,0.5651819550541587
121912,1408,2048,0.3689575610777079,0.5634287455935537,0.5633133870583994,0.6548433390437387,0.6549774416056219
87256,2048,1408,0.30465235374867916,0.5224816278069319,0.5195985302842897,0.5830872083051593,0.5863225855969871
85064,1408,2048,0.27793738822142283,0.3965104030807633,0.39652792299719164,0.7009586282274947,0.7009276575546265
101688,2048,1408,0.34376628365111256,0.5998983346686071,0.5991690384796242,0.573040903407432,0.573738396969594
66248,2048,1408,0.24400207253149997,0.3992333111437884,0.3993152025071057,0.6111766371208935,0.611051297319836
82928,2048,1408,0.2943065320845131,0.49853072671050375,0.498653349132169,0.5903478287616494,0.5902026580122428
87840,2048,1408,0.30564534268256044,0.5269413044653743,0.5239101072956371,0.5800367898520746,0.583392720289872
109240,1408,2048,0.3391858893116628,0.5056237205006611,0.5056654386601206,0.6708266949497662,0.6707713507381788
90416,2048,1408,0.31615759174626573,0.5393145636275962,0.5380746293924525,0.5862211278325068,0.5875720104165543
106408,1408,2048,0.33163968768230706,0.4939857902806564,0.49197679053951093,0.6713547114257822,0.6740962054706378
76176,2048,1408,0.27290291862713323,0.45581789714159426,0.45544424561821684,0.5987104068060742,0.5992015954811257
67080,1408,2048,0.23496451750397682,0.3190982329713948,0.319109848297354,0.7363391370614075,0.7363123349456498
115392,1408,2048,0.35644270996412925,0.5388800045787888,0.5318680278648286,0.6614509852573576,0.6701713419305536
55248,1408,2048,0.23675886968771617,0.26191084467447723,0.2619422406145612,0.9039674167825245,0.9038590688246366
128400,2048,1408,0.4290457427786868,0.7539447033614443,1.0505865788267506,0.5690679181985054,0.4083868492379052
55432,1408,2048,0.357315653127078,0.26330434901159516,0.2638263526755067,1.3570442511427825,1.354359219628672
126104,1408,2048,0.37755326312362103,0.5868829765067195,0.5812478095670289,0.6433195002024364,0.6495564489178207
66176,1408,2048,0.21092582660038833,0.31368912789556713,0.3137219726391461,0.6724040071628157,0.6723336106362003
78920,1408,2048,0.2556114437742324,0.3697518313184698,0.3698104988422072,0.6913054165621495,0.6911957464011808
102400,1408,2048,0.3075884239259341,0.47406997703588927,0.47400235596456025,0.6488249389871155,0.648917500209496
63752,2048,1408,0.24016718637800502,0.384269912087399,0.3833768417437871,0.6249960739142673,0.626451992471966
102616,1408,2048,0.32285311206212064,0.47519646576754954,0.47523557584970555,0.6794097501138608,0.6793538372729565
112232,1408,2048,0.3487172588646649,0.5186176411589684,0.5188189305577959,0.6723976031462744,0.6721367288771629
139872,2048,1408,0.459320040826265,0.8250381539647396,0.8165052679547092,0.55672581761097,0.5625438792046386
100840,2048,1408,0.34547601766914493,0.5971566103909114,0.5954819844140635,0.5785350302711864,0.5801619976951662
87176,2048,1408,0.306894016635679,0.522928186470554,0.5207258802035759,0.5868760272935875,0.5893581024159965
128344,2048,1408,0.4233930718385432,0.7600742956866389,0.7481992220686328,0.5570416921625493,0.5658828014655501
114664,1408,2048,0.3512616777612317,0.5300321803373449,0.5292410651842753,0.6627176439318595,0.6637082812894095
104280,1408,2048,0.32852673103224556,0.4826896023419168,0.48263307162784636,0.680616962615928,0.6806966831431089
86464,1408,2048,0.2727225359203746,0.4041338606339665,0.4041600010362089,0.6748321842979293,0.6747885372653224
102296,2048,1408,0.35240793482559485,0.6151362480098055,0.60267368664867,0.5728941124275566,0.5847408682885334
126048,1408,2048,0.38062747234993793,0.5938787748349593,0.5808803199962446,0.6409177907658267,0.6552597140016703
91472,2048,1408,0.32016805968338385,0.5447141254170341,0.5446540844582376,0.587772640260178,0.5878374344733908
97000,1408,2048,0.3082608342599526,0.4499069673498881,0.4499745580554009,0.6851657267628426,0.685062807977689
80528,1408,2048,0.2575005791472189,0.37751290513121566,0.37742709141432473,0.6820974214317708,0.6822525065232925
99000,2048,1408,0.3419960643800478,0.5873751422843417,0.5874184698630602,0.5822447014866886,0.5822017555215354
129936,2048,1408,0.4341206577952933,0.7706928105480904,0.7571012629726068,0.5632862430448281,0.5733984065629547
90416,1408,2048,0.28543224635791453,0.4202146160487945,0.4202252136305045,0.679253494420981,0.679236364453108
85064,2048,1408,0.2970690745393008,0.5084909062854127,0.5060510128736496,0.5842170840564803,0.5870338503076423
144960,2048,1408,0.48049178986172925,0.8556372322658501,0.8457496241406277,0.5615601702947383,0.5681253365615864
72840,2048,1408,0.2655587056682448,0.4361523974059832,0.43630604226799574,0.6088667797028182,0.6086523677000296
60752,1408,2048,0.23345433916550518,0.2907316758221871,0.2906620545765838,0.802989005258192,0.8031813423516364
42736,2048,1408,0.23491241229870885,0.25580019485659716,0.2557944694051036,0.9183433672925929,0.9183639225861304
38776,1408,2048,0.2391013610608799,0.18462245204069647,0.1847396472165751,1.2950827941997791,1.2942612193070562
94344,1408,2048,0.3011044021362045,0.4409096696268973,0.4379240996731913,0.6829163043554984,0.6875721211984201
107224,2048,1408,0.3724119324805373,0.6376190028692547,0.6315524339675903,0.5840665519764963,0.5896769808025925
82928,1408,2048,0.2652164139337354,0.3864730621597408,0.38638998321864915,0.6862481241295767,0.6863956765247085
84856,2048,1408,0.296881327560232,0.5116980564455653,0.5094069326191806,0.5801884994883001,0.5827979726027263
83832,1408,2048,0.38058936360635254,0.39035235430700665,0.3901592996298221,0.9749892870045926,0.9754717213390802
98880,2048,1408,0.3390118248196712,0.5900074636936188,0.5839308940680923,0.5745890445137055,0.5805683998972299
101784,2048,1408,0.3474117436956975,0.6012529690523405,0.6009750541518716,0.5778129366134648,0.5780801404244369
87952,1408,2048,0.27592593989643366,0.4094123340377184,0.40936572248235753,0.6739560998936909,0.6740328384683583
128344,1408,2048,0.3864319988213252,0.5946029456669852,0.5921158117632712,0.6498992338288065,0.6526290822576805
99424,2048,1408,0.34306249082327844,0.5897243538958914,0.5869338140366184,0.581733632936994,0.5844994488626873
138144,1408,2048,0.4082596706687857,0.6399244527171429,0.6357170824346872,0.6379810443800046,0.6422033982557482
81256,1408,2048,0.2627977140538104,0.3798251122236252,0.3797459131122654,0.6918913615671786,0.6920356611609372
79360,2048,1408,0.27397506451838977,0.47674537001393774,0.4766720001634799,0.574677976443442,0.5747664314757884
71144,1408,2048,0.23784778549600002,0.336779692195929,0.3366644616062577,0.7062414718213675,0.7064831980221671
82552,1408,2048,0.2682381864504521,0.38538007072189395,0.38529260604928584,0.6960354383349101,0.6961934442524433
117448,2048,1408,0.39265171332018717,0.6896488718160494,0.6859477548038259,0.5693501858216908,0.5724221860489676
85536,1408,2048,0.2662118561687221,0.39960308413986767,0.3995994310826063,0.666190694553157,0.6661967847338853
81272,2048,1408,0.2887859498166872,0.48463091026238403,0.4841087688790991,0.5958884249878647,0.5965311276747568
103640,2048,1408,0.35828740716961677,0.6153682600105962,0.6101096864593657,0.582232510925161,0.5872508093566865
67216,2048,1408,0.24627701997756957,0.4055398129815355,0.40524336425966806,0.6072819784744111,0.6077262250240388
100536,2048,1408,0.34567415462919027,0.6058598098221358,0.595202277937243,0.5705513866824586,0.5807675263394027
96656,1408,2048,0.30420023096459253,0.4483485506131099,0.4485037574673643,0.678490497066631,0.6782557022094243
126488,1408,2048,0.3873672348001729,0.5866996539349587,0.5828606315479157,0.6602479347007016,0.6645966699988525
129584,2048,1408,0.43222782899888507,0.7700270495631478,0.7553233475454392,0.561315124246735,0.5722421137960162
77504,1408,2048,0.245280785881556,0.3641938897879315,0.3643172360006183,0.6734895690435166,0.6732615469259317
106432,1408,2048,0.32370586323558836,0.49416858968088184,0.49265505075454713,0.655051474325042,0.6570639288885858
121912,2048,1408,0.41112727292559365,0.7159048073432025,0.7129871158199456,0.5742764522720973,0.5766265109191928
164816,2048,1408,0.5373533018106638,0.9622870786436672,0.9577292962507769,0.558412675111524,0.5610701311051473
98760,1408,2048,0.3120944970136085,0.4578559996249775,0.45781268615915316,0.6816433491517858,0.6817078391425626
100528,2048,1408,0.3436125595256152,0.5980852585132808,0.5935944238016683,0.574521031298726,0.5788675663847257
94192,1408,2048,0.29533068512703153,0.43676317861331765,0.4367534855516945,0.6761803640697893,0.6761953708371171
109752,2048,1408,0.3791749154107045,0.649659300551695,0.6441068963872062,0.5836519466260341,0.5886832100967954
98192,2048,1408,0.33494564584592584,0.5845306815717044,0.5825721478160424,0.5730163640774398,0.5749427724987823
108616,2048,1408,0.36942603439092636,0.6368161280646579,0.6368247213034794,0.5801141304533942,0.5801063024606986
116568,1408,2048,0.3581247743019842,0.5597579452328216,0.537503234380801,0.6397850666559604,0.666274640588053
66424,2048,1408,0.24589771608267824,0.400647526008511,0.39965031724170325,0.6137507412873794,0.6152821741261437
93880,2048,1408,0.32944746982262757,0.5615245161148218,0.5582870288593013,0.5867018453656642,0.5901041091636297
99952,2048,1408,0.34705364241068104,0.5934693092232818,0.5908508686683117,0.584787851733894,0.5873794231578052
96104,1408,2048,0.3036722014240894,0.44628571825368063,0.44533006050209006,0.6804434670514687,0.6819036673197232
88104,1408,2048,0.2813666082486358,0.4103150698245984,0.41034832856523884,0.6857330596434453,0.6856774809645727
96848,2048,1408,0.3389296677812186,0.5748430068616743,0.5748051919043065,0.5896038809475783,0.5896426694726925
97072,1408,2048,0.30509740680349345,0.4504973107423538,0.4502799989283085,0.6772457893272159,0.6775726382021016
94112,2048,1408,0.32526639012541353,0.5621896477261926,0.5606946243745524,0.5785705792359778,0.5801132666257394
71456,1408,2048,0.23225823922338013,0.3386964757923081,0.33857549994718283,0.6857415291377377,0.6859865502956121
113800,2048,1408,0.3942088453255036,0.6677675609588622,0.6664713246481759,0.5903384176964966,0.5914865812622964
125656,1408,2048,0.38963724210344514,0.5794492233667942,0.5792104710572921,0.6724268950427135,0.6727040714443585
164816,1408,2048,0.48736486010526486,0.7642401462202674,0.7582548289764218,0.637711670233034,0.642745474846715
113576,2048,1408,0.3801730781793594,0.6653780066408217,0.6652180788328321,0.5713640583022471,0.5715014222800401
54520,1408,2048,0.2350249060723338,0.2621867009914327,0.262423648024505,0.8964028502727663,0.895593472012047
65000,2048,1408,0.24241219529109756,0.39218585845083,0.39216254822975766,0.6181053958667656,0.6181421361763354
118472,2048,1408,0.39929701862010086,0.6935758046277865,0.6933167736921737,0.5757078259591064,0.5759229168705863
88496,2048,1408,0.3084644697168294,0.5302480857774435,0.5291233385025069,0.5817361306728008,0.5829727159452596
87248,1408,2048,0.2756373680311184,0.40618167789739984,0.40582531119046145,0.6786061091134284,0.6792020123696931
106184,2048,1408,0.3565471983204285,0.6254122207562128,0.6249303753311569,0.5700995063532848,0.570539075063347
86112,1408,2048,0.2715921821164303,0.4007335019494415,0.4006962127782203,0.6777376505713159,0.6778007214826179
82752,1408,2048,0.25996182321370404,0.38669273564633766,0.38678764839444246,0.6722697357611096,0.6721047693555027
97000,2048,1408,0.3360008705218942,0.5770587106935339,0.5760129891335964,0.5822646193453591,0.5833216904141106
128400,1408,2048,0.3963722099076238,0.5993528808984492,0.5916566061667907,0.661333619208519,0.6699362531851536
85800,1408,2048,0.2731489266780828,0.3996214073270423,0.39962119038577554,0.6835192551497701,0.6835196262100057
89344,1408,2048,0.27231035820948774,0.4169528881708781,0.41531787958256033,0.6530962272598239,0.6556673131510478
97816,2048,1408,0.34031836916418634,0.5827475305398305,0.5813069517099405,0.5839893801848136,0.5854366065348514
92560,1408,2048,0.294340207193137,0.42991904388019697,0.43006021158706736,0.6846410071454269,0.6844162730305189
96208,1408,2048,0.30626480068479267,0.4463890641927719,0.4463418928248372,0.6860938702399149,0.6861663796478622
103928,1408,2048,0.3234866790305403,0.48098313176761504,0.48088561870316243,0.6725530640580375,0.6726894430798518
79752,2048,1408,0.2855858745246098,0.4771416833817633,0.4770007561696203,0.5985347423442592,0.598711576094559
82664,2048,1408,0.2924105520789505,0.4981704278943244,0.4983140788354926,0.5869689080399987,0.5867997002257754
74160,1408,2048,0.2416487911509143,0.34954874895937077,0.3496277615966567,0.6913164240190199,0.6911601929073616
129936,1408,2048,0.39348927351225793,0.5988987149024496,0.5987344282904482,0.6570214023190059,0.6572016822813718
96752,1408,2048,0.3056092425804276,0.45141937867882326,0.44803583666682245,0.676996285526907,0.6821089242637771
101568,1408,2048,0.31502199797507596,0.4720662372407093,0.4709080005995929,0.6673258393068353,0.6689671816447543
89232,1408,2048,0.2831614061787322,0.41515177032023526,0.41505437026973124,0.6820672014967206,0.6822272609603272
116168,1408,2048,0.35380603458549154,0.5371184920706944,0.5369901054045734,0.6587113268461521,0.658868815318172
126488,2048,1408,0.4163922622729915,0.7395452761850437,0.7395205057802654,0.5630382286003606,0.5630570876917842
114664,2048,1408,0.3820238257859992,0.6708096929571845,0.6692491527916729,0.5694965797257531,0.5708245190784985
95600,1408,2048,0.3022196888923645,0.443874100392515,0.4423458233918294,0.6808680403409741,0.6832203966005544
91880,2048,1408,0.3206414597342676,0.5480539213728022,0.5460499114619044,0.5850545853793061,0.5872017429246253
101568,2048,1408,0.3516394483898333,0.6035138198307582,0.6002503403651169,0.5826535148581065,0.5858213227766602
88104,2048,1408,0.307887824123556,0.5282456485811108,0.5269112624874005,0.5828497119674438,0.5843257604138196
104800,1408,2048,0.321809011875032,0.48804854174678247,0.48416941545226355,0.6593791075027909,0.6646619997143555
81256,2048,1408,0.2888545340425532,0.48428450581805954,0.4838045813183096,0.5964562784320684,0.59704795116958
103112,1408,2048,0.31950315765868453,0.4776984341442585,0.4775842529125315,0.6688386120231637,0.6689985185026627
